-- ============================================================
-- EXPORTACIÓN COMPLETA DE elecciones.db
-- Incluye: CREATE TABLE + INSERT de datos
-- Fecha: 5/10/2025, 12:44:23
-- ============================================================

SET SQL_MODE = "NO_AUTO_VALUE_ON_ZERO";
START TRANSACTION;
SET time_zone = "+00:00";
SET FOREIGN_KEY_CHECKS=0;

-- ============================================================
-- ESTRUCTURA DE TABLAS
-- ============================================================

-- Tabla: administradores
CREATE TABLE `administradores` (`id` INT(11) PRIMARY KEY, `nombre` VARCHAR(255) NOT NULL, `email` VARCHAR(255) NOT NULL UNIQUE, `password` VARCHAR(255) NOT NULL, `rol` VARCHAR(255) NOT NULL DEFAULT 'admin', `activo` TINYINT(1) NOT NULL DEFAULT 1, `ultimo_acceso` DATETIME, `creado_por` INT(11), `fecha_creacion` DATETIME NOT NULL, `fecha_actualizacion` DATETIME NOT NULL);

-- Tabla: auditoria
CREATE TABLE auditoria (
                id INT(11) NOT NULL AUTO_INCREMENT PRIMARY KEY,
                tabla TEXT NOT NULL,
                operacion TEXT NOT NULL,
                registro_id INT(11),
                datos_anteriores TEXT,
                datos_nuevos TEXT,
                usuario TEXT DEFAULT 'sistema',
                fecha DATETIME DEFAULT CURRENT_TIMESTAMP
            );

-- Tabla: fiscal
CREATE TABLE `fiscal` (`id` INT(11) PRIMARY KEY, `nombre` TEXT NOT NULL, `email` TEXT NOT NULL UNIQUE, `cel-num` TEXT, `direccion` TEXT NOT NULL, `zona` INT(11) NOT NULL, `institucion` TEXT, `password` TEXT, `re-password` TEXT, `tipo` VARCHAR(255) NOT NULL DEFAULT 'fiscal', `fiscal_general_asignado` INT(11) REFERENCES `fiscal` (`id`) ON DELETE SET NULL ON UPDATE CASCADE, `institucion_id` INT(11) REFERENCES `instituciones` (`id`));

-- Tabla: instituciones
CREATE TABLE `instituciones` (`id` INT(11) NOT NULL AUTO_INCREMENT PRIMARY KEY, `nombre` VARCHAR(255) NOT NULL UNIQUE, `direccion` TEXT NOT NULL, `zona` INT(11) NOT NULL, `telefono` VARCHAR(255), `email` VARCHAR(255), `tipo` TEXT NOT NULL DEFAULT 'centro_votacion', `activa` TINYINT(1) NOT NULL DEFAULT 1, `capacidad_votantes` INT(11), `observaciones` TEXT, `fecha_creacion` DATETIME NOT NULL, `fecha_actualizacion` DATETIME NOT NULL);

-- ============================================================
-- DATOS DE TABLAS
-- ============================================================

--
-- Datos para la tabla: administradores
-- Registros: 2
--

INSERT INTO `administradores` (`id`, `nombre`, `email`, `password`, `rol`, `activo`, `ultimo_acceso`, `creado_por`, `fecha_creacion`, `fecha_actualizacion`) VALUES (1, 'Administrador Principal', 'admin@sistema.com', '$2b$10$yD0Ozze5sxankmWldW6xrO9hpkeFbbHkA4z6M/voN.WiAUDEOO7sq', 'super_admin', 1, NULL, NULL, '2025-09-08 20:22:35.187 +00:00', '2025-09-08 20:22:35.187 +00:00');
INSERT INTO `administradores` (`id`, `nombre`, `email`, `password`, `rol`, `activo`, `ultimo_acceso`, `creado_por`, `fecha_creacion`, `fecha_actualizacion`) VALUES (2, 'Jonathan Javier Urquiza', 'jurquiza86@hotmail.com', '$2b$10$2ZKGzxav2uf3xoN3WhRMtujNsdA4tMsMZjFcQLA52K5QsDr/JjGFy', 'super_admin', 1, '2025-09-08 23:08:57.577 +00:00', NULL, '2025-09-08 20:27:20.705 +00:00', '2025-09-08 23:08:57.578 +00:00');

--
-- Datos para la tabla: auditoria
-- Registros: 18
--

INSERT INTO `auditoria` (`id`, `tabla`, `operacion`, `registro_id`, `datos_anteriores`, `datos_nuevos`, `usuario`, `fecha`) VALUES (1, 'fiscal', 'DELETE', 45, 'nombre:   juan PÉREZ   ,email:  JUAN.PEREZ@TEST.COM  ,zona:5', NULL, 'sistema', '2025-09-08 15:32:52');
INSERT INTO `auditoria` (`id`, `tabla`, `operacion`, `registro_id`, `datos_anteriores`, `datos_nuevos`, `usuario`, `fecha`) VALUES (2, 'fiscal', 'UPDATE', 1, 'email:myriam.rozenberg@fiscales.com,zona:5,institucion:Club FULGOR de Villa Crespo', 'email:myriam.rozenberg@fiscales.com,zona:5,institucion:Club FULGOR de Villa Crespo', 'sistema', '2025-09-08 15:32:52');
INSERT INTO `auditoria` (`id`, `tabla`, `operacion`, `registro_id`, `datos_anteriores`, `datos_nuevos`, `usuario`, `fecha`) VALUES (3, 'fiscal', 'UPDATE', 1, 'email:myriam.rozenberg@fiscales.com,zona:5,institucion:Club FULGOR de Villa Crespo', 'email:myriam.rozenberg@fiscales.com,zona:5,institucion:Club FULGOR de Villa Crespo', 'sistema', '2025-09-08 15:32:52');
INSERT INTO `auditoria` (`id`, `tabla`, `operacion`, `registro_id`, `datos_anteriores`, `datos_nuevos`, `usuario`, `fecha`) VALUES (4, 'fiscal', 'DELETE', 46, 'nombre:Fiscal Temporal,email:temp@test.com,zona:5', NULL, 'sistema', '2025-09-08 15:32:52');
INSERT INTO `auditoria` (`id`, `tabla`, `operacion`, `registro_id`, `datos_anteriores`, `datos_nuevos`, `usuario`, `fecha`) VALUES (5, 'fiscal', 'UPDATE', 7, 'email:jonathan.javier.urquiza@fiscales.com,zona:5,institucion:Club Villa MALCOM', 'email:jonathan.javier.urquiza@fiscales.com,zona:5,institucion:Club Villa MALCOM', 'sistema', '2025-09-08 19:21:45');
INSERT INTO `auditoria` (`id`, `tabla`, `operacion`, `registro_id`, `datos_anteriores`, `datos_nuevos`, `usuario`, `fecha`) VALUES (6, 'fiscal', 'UPDATE', 7, 'email:jonathan.javier.urquiza@fiscales.com,zona:5,institucion:Club Villa MALCOM', 'email:jonathan.javier.urquiza@fiscales.com,zona:5,institucion:Club Villa MALCOM', 'sistema', '2025-09-08 19:21:45');
INSERT INTO `auditoria` (`id`, `tabla`, `operacion`, `registro_id`, `datos_anteriores`, `datos_nuevos`, `usuario`, `fecha`) VALUES (7, 'fiscal', 'UPDATE', 7, 'email:jonathan.javier.urquiza@fiscales.com,zona:5,institucion:Club Villa MALCOM', 'email:jonathan.javier.urquiza@fiscales.com,zona:5,institucion:Club Villa MALCOM', 'sistema', '2025-09-08 19:22:13');
INSERT INTO `auditoria` (`id`, `tabla`, `operacion`, `registro_id`, `datos_anteriores`, `datos_nuevos`, `usuario`, `fecha`) VALUES (8, 'fiscal', 'UPDATE', 7, 'email:jonathan.javier.urquiza@fiscales.com,zona:5,institucion:Club Villa MALCOM', 'email:jonathan.javier.urquiza@fiscales.com,zona:5,institucion:Club Villa MALCOM', 'sistema', '2025-09-08 19:22:13');
INSERT INTO `auditoria` (`id`, `tabla`, `operacion`, `registro_id`, `datos_anteriores`, `datos_nuevos`, `usuario`, `fecha`) VALUES (9, 'fiscal', 'UPDATE', 6, 'email:gonzalo.ernesto.viniegra@fiscales.com,zona:5,institucion:Club Villa MALCOM', 'email:gonzalo.ernesto.viniegra@fiscales.com,zona:5,institucion:Club Villa MALCOM', 'sistema', '2025-09-08 20:35:10');
INSERT INTO `auditoria` (`id`, `tabla`, `operacion`, `registro_id`, `datos_anteriores`, `datos_nuevos`, `usuario`, `fecha`) VALUES (10, 'fiscal', 'UPDATE', 6, 'email:gonzalo.ernesto.viniegra@fiscales.com,zona:5,institucion:Club Villa MALCOM', 'email:gonzalo.ernesto.viniegra@fiscales.com,zona:5,institucion:Club Villa MALCOM', 'sistema', '2025-09-08 20:35:10');
INSERT INTO `auditoria` (`id`, `tabla`, `operacion`, `registro_id`, `datos_anteriores`, `datos_nuevos`, `usuario`, `fecha`) VALUES (11, 'fiscal', 'UPDATE', 47, 'email:jurquiza86@hotmail.com,zona:15,institucion:Villa Malcom', 'email:jurquiza86@hotmail.com,zona:15,institucion:Villa Malcom', 'sistema', '2025-09-08 20:35:55');
INSERT INTO `auditoria` (`id`, `tabla`, `operacion`, `registro_id`, `datos_anteriores`, `datos_nuevos`, `usuario`, `fecha`) VALUES (12, 'fiscal', 'UPDATE', 47, 'email:jurquiza86@hotmail.com,zona:15,institucion:Villa Malcom', 'email:jurquiza86@hotmail.com,zona:15,institucion:Villa Malcom', 'sistema', '2025-09-08 20:35:55');
INSERT INTO `auditoria` (`id`, `tabla`, `operacion`, `registro_id`, `datos_anteriores`, `datos_nuevos`, `usuario`, `fecha`) VALUES (13, 'fiscal', 'UPDATE', 1, 'email:myriam.rozenberg@fiscales.com,zona:5,institucion:Club FULGOR de Villa Crespo', 'email:fiscal.zona5@sistema.com,zona:5,institucion:Club FULGOR de Villa Crespo', 'sistema', '2025-09-08 20:43:34');
INSERT INTO `auditoria` (`id`, `tabla`, `operacion`, `registro_id`, `datos_anteriores`, `datos_nuevos`, `usuario`, `fecha`) VALUES (14, 'fiscal', 'UPDATE', 1, 'email:myriam.rozenberg@fiscales.com,zona:5,institucion:Club FULGOR de Villa Crespo', 'email:fiscal.zona5@sistema.com,zona:5,institucion:Escuela Central Zona 5', 'sistema', '2025-09-08 20:43:34');
INSERT INTO `auditoria` (`id`, `tabla`, `operacion`, `registro_id`, `datos_anteriores`, `datos_nuevos`, `usuario`, `fecha`) VALUES (15, 'fiscal', 'UPDATE', 48, 'email:jonathan.original@test.com,zona:5,institucion:Club Original', 'email:fiscal.general@sistema.com,zona:5,institucion:Club Original', 'sistema', '2025-09-08 20:55:31');
INSERT INTO `auditoria` (`id`, `tabla`, `operacion`, `registro_id`, `datos_anteriores`, `datos_nuevos`, `usuario`, `fecha`) VALUES (16, 'fiscal', 'UPDATE', 48, 'email:jonathan.original@test.com,zona:5,institucion:Club Original', 'email:fiscal.general@sistema.com,zona:10,institucion:Supervisión General de Fiscalización', 'sistema', '2025-09-08 20:55:31');
INSERT INTO `auditoria` (`id`, `tabla`, `operacion`, `registro_id`, `datos_anteriores`, `datos_nuevos`, `usuario`, `fecha`) VALUES (17, 'fiscal', 'UPDATE', 7, 'email:jonathan.javier.urquiza@fiscales.com,zona:5,institucion:Club Villa MALCOM', 'email:jonathan.javier.urquiza@fiscales.com,zona:5,institucion:Club Villa MALCOM', 'sistema', '2025-09-08 23:05:58');
INSERT INTO `auditoria` (`id`, `tabla`, `operacion`, `registro_id`, `datos_anteriores`, `datos_nuevos`, `usuario`, `fecha`) VALUES (18, 'fiscal', 'UPDATE', 7, 'email:jonathan.javier.urquiza@fiscales.com,zona:5,institucion:Club Villa MALCOM', 'email:jonathan.javier.urquiza@fiscales.com,zona:5,institucion:Club Villa MALCOM', 'sistema', '2025-09-08 23:05:58');

--
-- Datos para la tabla: fiscal
-- Registros: 47
--

INSERT INTO `fiscal` (`id`, `nombre`, `email`, `cel-num`, `direccion`, `zona`, `institucion`, `password`, `re-password`, `tipo`, `fiscal_general_asignado`, `institucion_id`) VALUES (1, 'Fiscal de Zona 5', 'fiscal.zona5@sistema.com', '555-0123', 'Av. Zona 5, 123', 5, 'Escuela Central Zona 5', '$2b$10$F0h43nRIorkN9Df.u6NE..yDyHi5B5wzyTKyftDdK2KbjRD2O31sy', '$2b$10$F0h43nRIorkN9Df.u6NE..yDyHi5B5wzyTKyftDdK2KbjRD2O31sy', 'fiscal_zona', NULL, 6);
INSERT INTO `fiscal` (`id`, `nombre`, `email`, `cel-num`, `direccion`, `zona`, `institucion`, `password`, `re-password`, `tipo`, `fiscal_general_asignado`, `institucion_id`) VALUES (2, 'Cristian javier Garcia', 'cristian.javier.garcia@fiscales.com', NULL, 'Loyola 828', 5, 'Club FULGOR de Villa Crespo', NULL, NULL, 'fiscal', NULL, 1);
INSERT INTO `fiscal` (`id`, `nombre`, `email`, `cel-num`, `direccion`, `zona`, `institucion`, `password`, `re-password`, `tipo`, `fiscal_general_asignado`, `institucion_id`) VALUES (3, 'Gabriel Umansky', 'gabriel.umansky@fiscales.com', '24754624', 'Av. Cordoba 5064', 5, 'Club Villa MALCOM', NULL, NULL, 'fiscal', NULL, 2);
INSERT INTO `fiscal` (`id`, `nombre`, `email`, `cel-num`, `direccion`, `zona`, `institucion`, `password`, `re-password`, `tipo`, `fiscal_general_asignado`, `institucion_id`) VALUES (4, 'Juan Ignacio Valdez Rabal', 'juan.ignacio.valdez.rabal@fiscales.com', '33061351', 'Av. Cordoba 5064', 5, 'Club Villa MALCOM', NULL, NULL, 'fiscal', NULL, 2);
INSERT INTO `fiscal` (`id`, `nombre`, `email`, `cel-num`, `direccion`, `zona`, `institucion`, `password`, `re-password`, `tipo`, `fiscal_general_asignado`, `institucion_id`) VALUES (5, 'Elián Umansky', 'eli.n.umansky@fiscales.com', '47131141', 'Av. Cordoba 5064', 5, 'Club Villa MALCOM', NULL, NULL, 'fiscal', NULL, 2);
INSERT INTO `fiscal` (`id`, `nombre`, `email`, `cel-num`, `direccion`, `zona`, `institucion`, `password`, `re-password`, `tipo`, `fiscal_general_asignado`, `institucion_id`) VALUES (6, 'Gonzalo ernesto viniegra', 'gonzalo.ernesto.viniegra@fiscales.com', '20994057', 'Av. Cordoba 5064', 5, 'Club Villa MALCOM', NULL, NULL, 'fiscal_general', NULL, 2);
INSERT INTO `fiscal` (`id`, `nombre`, `email`, `cel-num`, `direccion`, `zona`, `institucion`, `password`, `re-password`, `tipo`, `fiscal_general_asignado`, `institucion_id`) VALUES (7, 'Jonathan javier urquiza', 'jonathan.javier.urquiza@fiscales.com', '32524709', 'Av. Cordoba 5064', 5, 'Club Villa MALCOM', '$2b$10$zlRv1WM41LtnS/zw2XRcwejWYUNUSaMn2oVc7o7gFs0JVEvmUno.C', '$2b$10$zlRv1WM41LtnS/zw2XRcwejWYUNUSaMn2oVc7o7gFs0JVEvmUno.C', 'fiscal', NULL, 2);
INSERT INTO `fiscal` (`id`, `nombre`, `email`, `cel-num`, `direccion`, `zona`, `institucion`, `password`, `re-password`, `tipo`, `fiscal_general_asignado`, `institucion_id`) VALUES (8, 'Santiago Lamas', 'santiago.lamas@fiscales.com', '49188441', 'Serrano 923', 5, 'Colegio ECOS', NULL, NULL, 'fiscal', NULL, 3);
INSERT INTO `fiscal` (`id`, `nombre`, `email`, `cel-num`, `direccion`, `zona`, `institucion`, `password`, `re-password`, `tipo`, `fiscal_general_asignado`, `institucion_id`) VALUES (9, 'maria del valle ferrazza', 'maria.del.valle.ferrazza@fiscales.com', '27085385', 'Serrano 923', 5, 'Colegio ECOS', NULL, NULL, 'fiscal', NULL, 3);
INSERT INTO `fiscal` (`id`, `nombre`, `email`, `cel-num`, `direccion`, `zona`, `institucion`, `password`, `re-password`, `tipo`, `fiscal_general_asignado`, `institucion_id`) VALUES (10, 'Sofia Maria Tripodi', 'sofia.maria.tripodi@fiscales.com', '31930152', 'Serrano 924', 5, 'Colegio ECOS', NULL, NULL, 'fiscal', NULL, 3);
INSERT INTO `fiscal` (`id`, `nombre`, `email`, `cel-num`, `direccion`, `zona`, `institucion`, `password`, `re-password`, `tipo`, `fiscal_general_asignado`, `institucion_id`) VALUES (11, 'Miguel Moreira', 'miguel.moreira@fiscales.com', '16044948', 'Serrano 923', 5, 'Colegio ECOS', NULL, NULL, 'fiscal', NULL, 3);
INSERT INTO `fiscal` (`id`, `nombre`, `email`, `cel-num`, `direccion`, `zona`, `institucion`, `password`, `re-password`, `tipo`, `fiscal_general_asignado`, `institucion_id`) VALUES (12, 'Eugenia Cesana', 'eugenia.cesana@fiscales.com', '33897774', 'Serrano 923', 5, 'Colegio ECOS', NULL, NULL, 'fiscal', NULL, 3);
INSERT INTO `fiscal` (`id`, `nombre`, `email`, `cel-num`, `direccion`, `zona`, `institucion`, `password`, `re-password`, `tipo`, `fiscal_general_asignado`, `institucion_id`) VALUES (13, 'Dolly Gil', 'dolly.gil@fiscales.com', '94514624', 'Juan Ramírez de Velasco 748', 5, 'Colegio PAIDEA', NULL, NULL, 'fiscal', NULL, 4);
INSERT INTO `fiscal` (`id`, `nombre`, `email`, `cel-num`, `direccion`, `zona`, `institucion`, `password`, `re-password`, `tipo`, `fiscal_general_asignado`, `institucion_id`) VALUES (14, 'Facundo Fabián Reyna Quito', 'facundo.fabi.n.reyna.quito@fiscales.com', '46121326', 'Juan Ramírez de Velasco 748', 5, 'Colegio PAIDEA', NULL, NULL, 'fiscal', NULL, 4);
INSERT INTO `fiscal` (`id`, `nombre`, `email`, `cel-num`, `direccion`, `zona`, `institucion`, `password`, `re-password`, `tipo`, `fiscal_general_asignado`, `institucion_id`) VALUES (15, 'Gustavo Castro', 'gustavo.castro@fiscales.com', '20272852', 'Juan Ramírez de Velasco 748', 5, 'Colegio PAIDEA', NULL, NULL, 'fiscal', NULL, 4);
INSERT INTO `fiscal` (`id`, `nombre`, `email`, `cel-num`, `direccion`, `zona`, `institucion`, `password`, `re-password`, `tipo`, `fiscal_general_asignado`, `institucion_id`) VALUES (16, 'Julio Cesar Camera', 'julio.cesar.camera@fiscales.com', '4416606', 'Gurruchaga 739', 5, 'Esc. Nº2 ''AUSTRALIA"', NULL, NULL, 'fiscal', NULL, 5);
INSERT INTO `fiscal` (`id`, `nombre`, `email`, `cel-num`, `direccion`, `zona`, `institucion`, `password`, `re-password`, `tipo`, `fiscal_general_asignado`, `institucion_id`) VALUES (17, 'Santiago Daniel BEDRAN', 'santiago.daniel.bedran@fiscales.com', '39654127', 'Gurruchaga 739', 5, 'Esc. Nº2 ''AUSTRALIA"', NULL, NULL, 'fiscal', NULL, 5);
INSERT INTO `fiscal` (`id`, `nombre`, `email`, `cel-num`, `direccion`, `zona`, `institucion`, `password`, `re-password`, `tipo`, `fiscal_general_asignado`, `institucion_id`) VALUES (18, 'Maria Constanza Ciuro', 'maria.constanza.ciuro@fiscales.com', '26069223', 'Gurruchaga 739', 5, 'Esc. Nº2 ''AUSTRALIA"', NULL, NULL, 'fiscal', NULL, 5);
INSERT INTO `fiscal` (`id`, `nombre`, `email`, `cel-num`, `direccion`, `zona`, `institucion`, `password`, `re-password`, `tipo`, `fiscal_general_asignado`, `institucion_id`) VALUES (19, 'Rodrigo calderon Flores', 'rodrigo.calderon.flores@fiscales.com', NULL, 'Gurruchaga 739', 5, 'Esc. Nº2 ''AUSTRALIA"', NULL, NULL, 'fiscal', NULL, 5);
INSERT INTO `fiscal` (`id`, `nombre`, `email`, `cel-num`, `direccion`, `zona`, `institucion`, `password`, `re-password`, `tipo`, `fiscal_general_asignado`, `institucion_id`) VALUES (20, 'Michelle Moreno', 'michelle.moreno@fiscales.com', '95792365', 'Gurruchaga 739', 5, 'Esc. Nº2 ''AUSTRALIA"', NULL, NULL, 'fiscal', NULL, 5);
INSERT INTO `fiscal` (`id`, `nombre`, `email`, `cel-num`, `direccion`, `zona`, `institucion`, `password`, `re-password`, `tipo`, `fiscal_general_asignado`, `institucion_id`) VALUES (21, 'Pedro Esteban Sanabria', 'pedro.esteban.sanabria@fiscales.com', '20321774', 'Gurruchaga 739', 5, 'Esc. Nº2 ''AUSTRALIA"', NULL, NULL, 'fiscal', NULL, 5);
INSERT INTO `fiscal` (`id`, `nombre`, `email`, `cel-num`, `direccion`, `zona`, `institucion`, `password`, `re-password`, `tipo`, `fiscal_general_asignado`, `institucion_id`) VALUES (22, 'Mariano Cristian Castillo', 'mariano.cristian.castillo@fiscales.com', '22955236', 'Gurruchaga 739', 5, 'Esc. Nº2 ''AUSTRALIA"', NULL, NULL, 'fiscal', NULL, 5);
INSERT INTO `fiscal` (`id`, `nombre`, `email`, `cel-num`, `direccion`, `zona`, `institucion`, `password`, `re-password`, `tipo`, `fiscal_general_asignado`, `institucion_id`) VALUES (23, 'Elizabeth Miryam Cooper', 'elizabeth.miryam.cooper@fiscales.com', '16776176', 'Gurruchaga 739', 5, 'Esc. Nº2 ''AUSTRALIA"', NULL, NULL, 'fiscal', NULL, 5);
INSERT INTO `fiscal` (`id`, `nombre`, `email`, `cel-num`, `direccion`, `zona`, `institucion`, `password`, `re-password`, `tipo`, `fiscal_general_asignado`, `institucion_id`) VALUES (24, 'Eric Murad Alzieu', 'eric.murad.alzieu@fiscales.com', NULL, 'Serrano 557 / 547', 5, 'Inst. Integral MUNDO NUEVO', NULL, NULL, 'fiscal', NULL, 7);
INSERT INTO `fiscal` (`id`, `nombre`, `email`, `cel-num`, `direccion`, `zona`, `institucion`, `password`, `re-password`, `tipo`, `fiscal_general_asignado`, `institucion_id`) VALUES (25, 'Lemes Marcelina', 'lemes.marcelina@fiscales.com', NULL, 'Serrano 557 / 547', 5, 'Inst. Integral MUNDO NUEVO', NULL, NULL, 'fiscal', NULL, 7);
INSERT INTO `fiscal` (`id`, `nombre`, `email`, `cel-num`, `direccion`, `zona`, `institucion`, `password`, `re-password`, `tipo`, `fiscal_general_asignado`, `institucion_id`) VALUES (26, 'Anahit Manukyan', 'anahit.manukyan@fiscales.com', NULL, 'Serrano 557 / 547', 5, 'Inst. Integral MUNDO NUEVO', NULL, NULL, 'fiscal', NULL, 7);
INSERT INTO `fiscal` (`id`, `nombre`, `email`, `cel-num`, `direccion`, `zona`, `institucion`, `password`, `re-password`, `tipo`, `fiscal_general_asignado`, `institucion_id`) VALUES (27, 'Diego Torres', 'diego.torres@fiscales.com', '45066890', 'Serrano 557 / 547', 5, 'Inst. Integral MUNDO NUEVO', NULL, NULL, 'fiscal', NULL, 7);
INSERT INTO `fiscal` (`id`, `nombre`, `email`, `cel-num`, `direccion`, `zona`, `institucion`, `password`, `re-password`, `tipo`, `fiscal_general_asignado`, `institucion_id`) VALUES (28, 'Viviana del Valle Fernandez', 'viviana.del.valle.fernandez@fiscales.com', NULL, 'Serrano 557 / 547', 5, 'Inst. Integral MUNDO NUEVO', NULL, NULL, 'fiscal', NULL, 7);
INSERT INTO `fiscal` (`id`, `nombre`, `email`, `cel-num`, `direccion`, `zona`, `institucion`, `password`, `re-password`, `tipo`, `fiscal_general_asignado`, `institucion_id`) VALUES (29, 'Lucas Cordero Tagliani', 'lucas.cordero.tagliani@fiscales.com', NULL, 'Serrano 557 / 547', 5, 'Inst. Integral MUNDO NUEVO', NULL, NULL, 'fiscal', NULL, 7);
INSERT INTO `fiscal` (`id`, `nombre`, `email`, `cel-num`, `direccion`, `zona`, `institucion`, `password`, `re-password`, `tipo`, `fiscal_general_asignado`, `institucion_id`) VALUES (30, 'Jonathan Cohen', 'jonathan.cohen@fiscales.com', '38456320', 'Serrano 557 / 547', 5, 'Inst. Integral MUNDO NUEVO', NULL, NULL, 'fiscal', NULL, 7);
INSERT INTO `fiscal` (`id`, `nombre`, `email`, `cel-num`, `direccion`, `zona`, `institucion`, `password`, `re-password`, `tipo`, `fiscal_general_asignado`, `institucion_id`) VALUES (31, 'Vicente Nuñes', 'vicente.nu.es@fiscales.com', '92073779', 'Serrano 557 / 547', 5, 'Inst. Integral MUNDO NUEVO', NULL, NULL, 'fiscal', NULL, 7);
INSERT INTO `fiscal` (`id`, `nombre`, `email`, `cel-num`, `direccion`, `zona`, `institucion`, `password`, `re-password`, `tipo`, `fiscal_general_asignado`, `institucion_id`) VALUES (32, 'Mateo Crescinbeni', 'mateo.crescinbeni@fiscales.com', '42878240', 'Castillo 767 / Serrano 1006', 5, 'Inst. San Jose de la PALABRA DE DIOS', NULL, NULL, 'fiscal', NULL, 8);
INSERT INTO `fiscal` (`id`, `nombre`, `email`, `cel-num`, `direccion`, `zona`, `institucion`, `password`, `re-password`, `tipo`, `fiscal_general_asignado`, `institucion_id`) VALUES (33, 'Guillermo rodrigo López', 'guillermo.rodrigo.l.pez@fiscales.com', NULL, 'Castillo 767 / Serrano 1005', 5, 'Inst. San Jose de la PALABRA DE DIOS', NULL, NULL, 'fiscal', NULL, 8);
INSERT INTO `fiscal` (`id`, `nombre`, `email`, `cel-num`, `direccion`, `zona`, `institucion`, `password`, `re-password`, `tipo`, `fiscal_general_asignado`, `institucion_id`) VALUES (34, 'Gonzalo Baca', 'gonzalo.baca@fiscales.com', NULL, 'Castillo 767 / Serrano 1005', 5, 'Inst. San Jose de la PALABRA DE DIOS', NULL, NULL, 'fiscal', NULL, 8);
INSERT INTO `fiscal` (`id`, `nombre`, `email`, `cel-num`, `direccion`, `zona`, `institucion`, `password`, `re-password`, `tipo`, `fiscal_general_asignado`, `institucion_id`) VALUES (35, 'Alvaro Baca', 'alvaro.baca@fiscales.com', NULL, 'Castillo 767 / Serrano 1005', 5, 'Inst. San Jose de la PALABRA DE DIOS', NULL, NULL, 'fiscal', NULL, 8);
INSERT INTO `fiscal` (`id`, `nombre`, `email`, `cel-num`, `direccion`, `zona`, `institucion`, `password`, `re-password`, `tipo`, `fiscal_general_asignado`, `institucion_id`) VALUES (36, 'Patricia Lopez Castroman', 'patricia.lopez.castroman@fiscales.com', '13297483', 'Castillo 767 / Serrano 1005', 5, 'Inst. San Jose de la PALABRA DE DIOS', NULL, NULL, 'fiscal', NULL, 8);
INSERT INTO `fiscal` (`id`, `nombre`, `email`, `cel-num`, `direccion`, `zona`, `institucion`, `password`, `re-password`, `tipo`, `fiscal_general_asignado`, `institucion_id`) VALUES (37, 'Miguel Morales', 'miguel.morales@fiscales.com', '38893285', 'Castillo 767 / Serrano 1005', 5, 'Inst. San Jose de la PALABRA DE DIOS', NULL, NULL, 'fiscal', NULL, 8);
INSERT INTO `fiscal` (`id`, `nombre`, `email`, `cel-num`, `direccion`, `zona`, `institucion`, `password`, `re-password`, `tipo`, `fiscal_general_asignado`, `institucion_id`) VALUES (38, 'Nancy Elizabeth Mercado', 'nancy.elizabeth.mercado@fiscales.com', '30223707', 'Castillo 767 / Serrano 1005', 5, 'Inst. San Jose de la PALABRA DE DIOS', NULL, NULL, 'fiscal', NULL, 8);
INSERT INTO `fiscal` (`id`, `nombre`, `email`, `cel-num`, `direccion`, `zona`, `institucion`, `password`, `re-password`, `tipo`, `fiscal_general_asignado`, `institucion_id`) VALUES (39, 'Ivan Totilo', 'ivan.totilo@fiscales.com', '46279282', 'Castillo 767 / Serrano 1005', 5, 'Inst. San Jose de la PALABRA DE DIOS', NULL, NULL, 'fiscal', NULL, 8);
INSERT INTO `fiscal` (`id`, `nombre`, `email`, `cel-num`, `direccion`, `zona`, `institucion`, `password`, `re-password`, `tipo`, `fiscal_general_asignado`, `institucion_id`) VALUES (40, 'Igor Joaquin Carro', 'igor.joaquin.carro@fiscales.com', '44463294', 'Castillo 767 / Serrano 1005', 5, 'Inst. San Jose de la PALABRA DE DIOS', NULL, NULL, 'fiscal', NULL, 8);
INSERT INTO `fiscal` (`id`, `nombre`, `email`, `cel-num`, `direccion`, `zona`, `institucion`, `password`, `re-password`, `tipo`, `fiscal_general_asignado`, `institucion_id`) VALUES (41, 'Leandro Nicolas Fernandez', 'leandro.nicolas.fernandez@fiscales.com', '32957636', 'Castillo 767 / Serrano 1005', 5, 'Inst. San Jose de la PALABRA DE DIOS', NULL, NULL, 'fiscal', NULL, 8);
INSERT INTO `fiscal` (`id`, `nombre`, `email`, `cel-num`, `direccion`, `zona`, `institucion`, `password`, `re-password`, `tipo`, `fiscal_general_asignado`, `institucion_id`) VALUES (42, 'Marcela Daglio F G', 'marcela.daglio.f.g@fiscales.com', NULL, 'Aguirre 752', 5, 'Jardín de infantes N°3 "LEOPOLDO MARECHAL"', NULL, NULL, 'fiscal', NULL, 9);
INSERT INTO `fiscal` (`id`, `nombre`, `email`, `cel-num`, `direccion`, `zona`, `institucion`, `password`, `re-password`, `tipo`, `fiscal_general_asignado`, `institucion_id`) VALUES (43, 'Bertero Maria Ines', 'bertero.maria.ines@fiscales.com', NULL, 'Aguirre 752', 5, 'Jardín de infantes N°3 "LEOPOLDO MARECHAL"', NULL, NULL, 'fiscal', NULL, 9);
INSERT INTO `fiscal` (`id`, `nombre`, `email`, `cel-num`, `direccion`, `zona`, `institucion`, `password`, `re-password`, `tipo`, `fiscal_general_asignado`, `institucion_id`) VALUES (44, 'Ampuero zela', 'ampuero.zela@fiscales.com', '19042990', 'Aguirre 752', 5, 'Jardín de infantes N°3 "LEOPOLDO MARECHAL"', NULL, NULL, 'fiscal', NULL, 9);
INSERT INTO `fiscal` (`id`, `nombre`, `email`, `cel-num`, `direccion`, `zona`, `institucion`, `password`, `re-password`, `tipo`, `fiscal_general_asignado`, `institucion_id`) VALUES (47, 'Jonathan javier urquiza', 'jurquiza86@hotmail.com', '+541168370362', 'Aguirre 621', 15, 'Villa Malcom', 'Jon@$3209@@$$', 'Jon@$3209@@$$', 'fiscal_zona', NULL, 11);
INSERT INTO `fiscal` (`id`, `nombre`, `email`, `cel-num`, `direccion`, `zona`, `institucion`, `password`, `re-password`, `tipo`, `fiscal_general_asignado`, `institucion_id`) VALUES (48, 'Fiscal General Principal', 'fiscal.general@sistema.com', '555-0001', 'Av. Central 123, Centro Administrativo', 10, 'Supervisión General de Fiscalización', '$2b$10$rizmW5q48WU75tDAdv6Gbuiii4a2Zu7z632T.5Z06unPXXuuFN0Sy', '$2b$10$rizmW5q48WU75tDAdv6Gbuiii4a2Zu7z632T.5Z06unPXXuuFN0Sy', 'fiscal_general', NULL, 10);
INSERT INTO `fiscal` (`id`, `nombre`, `email`, `cel-num`, `direccion`, `zona`, `institucion`, `password`, `re-password`, `tipo`, `fiscal_general_asignado`, `institucion_id`) VALUES (49, 'jose lampone', 'jose@lampone.com', '', 'Sin especificar', 1, 'Sin Asignar', '$2b$10$JBHgG5HmanOQKVD5Y248F.AaL6X/pfuWJihmCOkQnh8V0TnAYO3V6', '$2b$10$JBHgG5HmanOQKVD5Y248F.AaL6X/pfuWJihmCOkQnh8V0TnAYO3V6', 'fiscal', NULL, 12);

--
-- Datos para la tabla: instituciones
-- Registros: 12
--

INSERT INTO `instituciones` (`id`, `nombre`, `direccion`, `zona`, `telefono`, `email`, `tipo`, `activa`, `capacidad_votantes`, `observaciones`, `fecha_creacion`, `fecha_actualizacion`) VALUES (1, 'Club FULGOR de Villa Crespo', 'Dirección por definir', 5, NULL, NULL, 'centro_votacion', 1, NULL, NULL, '2025-09-08 23:37:19.206 +00:00', '2025-09-08 23:37:19.206 +00:00');
INSERT INTO `instituciones` (`id`, `nombre`, `direccion`, `zona`, `telefono`, `email`, `tipo`, `activa`, `capacidad_votantes`, `observaciones`, `fecha_creacion`, `fecha_actualizacion`) VALUES (2, 'Club Villa MALCOM', 'Dirección por definir', 5, NULL, NULL, 'centro_votacion', 1, NULL, NULL, '2025-09-08 23:37:19.223 +00:00', '2025-09-08 23:37:19.223 +00:00');
INSERT INTO `instituciones` (`id`, `nombre`, `direccion`, `zona`, `telefono`, `email`, `tipo`, `activa`, `capacidad_votantes`, `observaciones`, `fecha_creacion`, `fecha_actualizacion`) VALUES (3, 'Colegio ECOS', 'Dirección por definir', 5, NULL, NULL, 'centro_votacion', 1, NULL, NULL, '2025-09-08 23:37:19.229 +00:00', '2025-09-08 23:37:19.229 +00:00');
INSERT INTO `instituciones` (`id`, `nombre`, `direccion`, `zona`, `telefono`, `email`, `tipo`, `activa`, `capacidad_votantes`, `observaciones`, `fecha_creacion`, `fecha_actualizacion`) VALUES (4, 'Colegio PAIDEA', 'Dirección por definir', 5, NULL, NULL, 'centro_votacion', 1, NULL, NULL, '2025-09-08 23:37:19.235 +00:00', '2025-09-08 23:37:19.235 +00:00');
INSERT INTO `instituciones` (`id`, `nombre`, `direccion`, `zona`, `telefono`, `email`, `tipo`, `activa`, `capacidad_votantes`, `observaciones`, `fecha_creacion`, `fecha_actualizacion`) VALUES (5, 'Esc. Nº2 ''AUSTRALIA"', 'Dirección por definir', 5, NULL, NULL, 'centro_votacion', 1, NULL, NULL, '2025-09-08 23:37:19.241 +00:00', '2025-09-08 23:37:19.241 +00:00');
INSERT INTO `instituciones` (`id`, `nombre`, `direccion`, `zona`, `telefono`, `email`, `tipo`, `activa`, `capacidad_votantes`, `observaciones`, `fecha_creacion`, `fecha_actualizacion`) VALUES (6, 'Escuela Central Zona 5', 'Dirección por definir', 5, NULL, NULL, 'centro_votacion', 1, NULL, NULL, '2025-09-08 23:37:19.248 +00:00', '2025-09-08 23:37:19.248 +00:00');
INSERT INTO `instituciones` (`id`, `nombre`, `direccion`, `zona`, `telefono`, `email`, `tipo`, `activa`, `capacidad_votantes`, `observaciones`, `fecha_creacion`, `fecha_actualizacion`) VALUES (7, 'Inst. Integral MUNDO NUEVO', 'Dirección por definir', 5, NULL, NULL, 'centro_votacion', 1, NULL, NULL, '2025-09-08 23:37:19.254 +00:00', '2025-09-08 23:37:19.254 +00:00');
INSERT INTO `instituciones` (`id`, `nombre`, `direccion`, `zona`, `telefono`, `email`, `tipo`, `activa`, `capacidad_votantes`, `observaciones`, `fecha_creacion`, `fecha_actualizacion`) VALUES (8, 'Inst. San Jose de la PALABRA DE DIOS', 'Dirección por definir', 5, NULL, NULL, 'centro_votacion', 1, NULL, NULL, '2025-09-08 23:37:19.260 +00:00', '2025-09-08 23:37:19.260 +00:00');
INSERT INTO `instituciones` (`id`, `nombre`, `direccion`, `zona`, `telefono`, `email`, `tipo`, `activa`, `capacidad_votantes`, `observaciones`, `fecha_creacion`, `fecha_actualizacion`) VALUES (9, 'Jardín de infantes N°3 "LEOPOLDO MARECHAL"', 'Dirección por definir', 5, NULL, NULL, 'centro_votacion', 1, NULL, NULL, '2025-09-08 23:37:19.267 +00:00', '2025-09-08 23:37:19.267 +00:00');
INSERT INTO `instituciones` (`id`, `nombre`, `direccion`, `zona`, `telefono`, `email`, `tipo`, `activa`, `capacidad_votantes`, `observaciones`, `fecha_creacion`, `fecha_actualizacion`) VALUES (10, 'Supervisión General de Fiscalización', 'Dirección por definir', 10, NULL, NULL, 'centro_votacion', 1, NULL, NULL, '2025-09-08 23:37:19.273 +00:00', '2025-09-08 23:37:19.273 +00:00');
INSERT INTO `instituciones` (`id`, `nombre`, `direccion`, `zona`, `telefono`, `email`, `tipo`, `activa`, `capacidad_votantes`, `observaciones`, `fecha_creacion`, `fecha_actualizacion`) VALUES (11, 'Villa Malcom', 'Dirección por definir', 15, NULL, NULL, 'centro_votacion', 1, NULL, NULL, '2025-09-08 23:37:19.279 +00:00', '2025-09-08 23:37:19.279 +00:00');
INSERT INTO `instituciones` (`id`, `nombre`, `direccion`, `zona`, `telefono`, `email`, `tipo`, `activa`, `capacidad_votantes`, `observaciones`, `fecha_creacion`, `fecha_actualizacion`) VALUES (12, 'Sin Asignar', 'Sin dirección asignada', 1, NULL, NULL, 'otro', 0, NULL, NULL, '2025-09-08 23:37:19.285 +00:00', '2025-09-08 23:37:19.285 +00:00');

-- ============================================================
-- FIN DE EXPORTACIÓN
-- ============================================================
SET FOREIGN_KEY_CHECKS=1;
COMMIT;
